"Reference","Qty","Value","DNP","Exclude from BOM","Exclude from Board","Exclude from Simulation","Exclude from Position Files","Footprint","Datasheet"
"4PinfuerBoard1,RundesDisplay1,Visualizer1","3","","","","","","${EXCLUDE_FROM_POS_FILES}","EasyEDA_Lib:CONN-TH_B8B-PH-K-S-LF-SN","https://item.szlcsc.com/datasheet/B8B-PH-K-S(LF)(SN)/169322.html"
"AUDIO1","1","","","","","","${EXCLUDE_FROM_POS_FILES}","EasyEDA_Lib:AUDIO-SMD_PJ-327C-4A","https://item.szlcsc.com/datasheet/PJ-327C-4A/157145.html"
"Battery1","1","","","","","","${EXCLUDE_FROM_POS_FILES}","EasyEDA_Lib:CONN-TH_B2B-PH-K-S","https://item.szlcsc.com/datasheet/B2B-PH-K-S(LF)(SN)/142630.html"
"C1,C18,C20","3","2.2uF","","","","","${EXCLUDE_FROM_POS_FILES}","EasyEDA_Lib:C0402","https://item.szlcsc.com/datasheet/CGA0402X5R225M6R3GT/8593414.html"
"C2,C3,C7,C9,C11,C14,C16,C19,C23","9","100nF","","","","","${EXCLUDE_FROM_POS_FILES}","EasyEDA_Lib:C0402","https://item.szlcsc.com/datasheet/CC0402KRX5R9BB104/107097.html"
"C4,C5,C6","3","22uF","","","","","${EXCLUDE_FROM_POS_FILES}","EasyEDA_Lib:C0402","https://item.szlcsc.com/datasheet/GRM158C80G226ME01D/4423228.html"
"C8,C10","2","100uF","","","","","${EXCLUDE_FROM_POS_FILES}","EasyEDA_Lib:C0805","https://item.szlcsc.com/datasheet/GRM21BR60E107ME15L/538081.html"
"C12","1","1uF","","","","","${EXCLUDE_FROM_POS_FILES}","EasyEDA_Lib:C0603","https://item.szlcsc.com/datasheet/CL10B105KA8NNNC/30690.html"
"C13,C17,C25","3","10uF","","","","","${EXCLUDE_FROM_POS_FILES}","EasyEDA_Lib:C0402","https://item.szlcsc.com/datasheet/CGA0402X5R106M6R3GT/25421443.html"
"C15","1","47nF","","","","","${EXCLUDE_FROM_POS_FILES}","EasyEDA_Lib:C0402","https://item.szlcsc.com/datasheet/TCC0402X7R473K500AT/943136.html"
"C21,C24,C26","3","4.7uF","","","","","${EXCLUDE_FROM_POS_FILES}","EasyEDA_Lib:C0402","https://item.szlcsc.com/datasheet/CL05A475KP5NRNC/342854.html"
"CARD1","1","","","","","","${EXCLUDE_FROM_POS_FILES}","EasyEDA_Lib:TF-SMD_TF-PUSH","https://item.szlcsc.com/datasheet/TF%2520PUSH/372553.html"
"D1","1","","","","","","${EXCLUDE_FROM_POS_FILES}","EasyEDA_Lib:SOD-123F_L2.7-W1.6-LS3.8-RD","https://item.szlcsc.com/datasheet/1N4148W/82750.html"
"J1","1","Boot Button","","","","","${EXCLUDE_FROM_POS_FILES}","Connector_PinHeader_2.54mm:PinHeader_1x02_P2.54mm_Vertical",""
"J2","1","Switch","","","","","${EXCLUDE_FROM_POS_FILES}","Connector_PinHeader_2.54mm:PinHeader_1x02_P2.54mm_Vertical",""
"L1","1","1.5uH","","","","","${EXCLUDE_FROM_POS_FILES}","EasyEDA_Lib:IND-SMD_L4.0-W4.0-A","https://www.coilcraft.com/getmedia/50632d43-da1b-4cdb-8ab4-3029cab51df3/xfl4020.pdf"
"L2","1","1uH","","","","","${EXCLUDE_FROM_POS_FILES}","EasyEDA_Lib:L2520","https://item.szlcsc.com/datasheet/DFE252012F-1R0M%253DP2/432730.html"
"LED1,LED2,LED3,LED4,LED5,LED6","6","","","","","","${EXCLUDE_FROM_POS_FILES}","EasyEDA_Lib:LED-SMD_4P-L3.2-W2.8-LS5.9_SK6812MINI-E","https://item.szlcsc.com/datasheet/SK6812MINI-E/5773397.html"
"Module1","1","ComputeModule4-CM4","","","","","${EXCLUDE_FROM_POS_FILES}","Pertificatus:CONN-SMD_DF40HC-3.0-100DS-0.4V-51",""
"Q1","1","","","","","","${EXCLUDE_FROM_POS_FILES}","EasyEDA_Lib:SOT-23_L2.9-W1.3-P1.90-LS2.4-BR","https://item.szlcsc.com/datasheet/AO3401A/15801.html"
"R1,R10,R11","3","5.1kΩ","","","","","${EXCLUDE_FROM_POS_FILES}","EasyEDA_Lib:R0603",""
"R2,R5","2","33Ω","","","","","${EXCLUDE_FROM_POS_FILES}","EasyEDA_Lib:R0603","https://item.szlcsc.com/datasheet/FRC0603F33R0TS/3186329.html"
"R3","1","180kΩ","","","","","${EXCLUDE_FROM_POS_FILES}","EasyEDA_Lib:R0603",""
"R4","1","1.6MΩ","","","","","${EXCLUDE_FROM_POS_FILES}","EasyEDA_Lib:R0603","https://item.szlcsc.com/datasheet/FRC0603J165%2520TS/3279374.html"
"R6,R7","2","0Ω","","","","","${EXCLUDE_FROM_POS_FILES}","EasyEDA_Lib:R0603","https://item.szlcsc.com/datasheet/RC0603JR-070RL/96378.html"
"R8","1","10Ω","","","","","${EXCLUDE_FROM_POS_FILES}","EasyEDA_Lib:R0603","https://item.szlcsc.com/datasheet/CRCW060310R0FKEA/904493.html"
"R9","1","178Ω","","","","","${EXCLUDE_FROM_POS_FILES}","EasyEDA_Lib:R0603","https://item.szlcsc.com/datasheet/1RC0603F1780/57883862.html"
"R12","1","220Ω","","","","","${EXCLUDE_FROM_POS_FILES}","EasyEDA_Lib:R0603","https://atta.szlcsc.com/upload/public/pdf/source/20200306/C422600_1E6D84923E4A46A82E41ADD87F860B5C.pdf"
"R13,R14","2","100kΩ","","","","","${EXCLUDE_FROM_POS_FILES}","EasyEDA_Lib:R0603","https://item.szlcsc.com/datasheet/RC0603FR-07100KL/15343.html"
"R15,R16","2","50kΩ","","","","","${EXCLUDE_FROM_POS_FILES}","EasyEDA_Lib:R0603","https://item.szlcsc.com/datasheet/RT0603BRD0750KL/921789.html"
"U1","1","","","","","","${EXCLUDE_FROM_POS_FILES}","EasyEDA_Lib:TDFN-8_L2.0-W2.0-P0.50-BL-EP1.2","https://item.szlcsc.com/datasheet/MAX17048G%252BT10/2777647.html"
"U2","1","","","","","","${EXCLUDE_FROM_POS_FILES}","EasyEDA_Lib:QFN-28_L4.0-W4.0-P0.45-BL-EP","https://item.szlcsc.com/datasheet/ES8388/339918.html"
"U3","1","","","","","","${EXCLUDE_FROM_POS_FILES}","EasyEDA_Lib:VSON-14_L4.0-W3.0-P0.50-BL-EP_TI_DSJ","https://www.ti.com/cn/lit/gpn/tps63020"
"U4","1","","","","","","${EXCLUDE_FROM_POS_FILES}","EasyEDA_Lib:WQFN-24_L4.0-W4.0-P0.50-TL-EP2.5","https://item.szlcsc.com/datasheet/RT9466GQW/3578183.html"
"U5","1","","","","","","${EXCLUDE_FROM_POS_FILES}","EasyEDA_Lib:LGA-14_L3.0-W2.5-P0.50-TL","https://item.szlcsc.com/datasheet/QMI8658A/3544058.html"
"U6","1","","","","","","${EXCLUDE_FROM_POS_FILES}","EasyEDA_Lib:SOT-23-5_L3.0-W1.7-P0.95-LS2.8-BR","https://www.ti.com/cn/lit/ds/symlink/sn74ahct1g125.pdf"
"USBC1","1","","","","","","${EXCLUDE_FROM_POS_FILES}","EasyEDA_Lib:USB-C_SMD-TYPE-C-31-M-12_1","https://item.szlcsc.com/datasheet/TYPE-C-31-M-12/177331.html"
